[{"model": "auth.permission", "pk": 1, "fields": {"name": "Can add log entry", "content_type": 1, "codename": "add_logentry"}}, {"model": "auth.permission", "pk": 2, "fields": {"name": "Can change log entry", "content_type": 1, "codename": "change_logentry"}}, {"model": "auth.permission", "pk": 3, "fields": {"name": "Can delete log entry", "content_type": 1, "codename": "delete_logentry"}}, {"model": "auth.permission", "pk": 4, "fields": {"name": "Can view log entry", "content_type": 1, "codename": "view_logentry"}}, {"model": "auth.permission", "pk": 5, "fields": {"name": "Can add permission", "content_type": 2, "codename": "add_permission"}}, {"model": "auth.permission", "pk": 6, "fields": {"name": "Can change permission", "content_type": 2, "codename": "change_permission"}}, {"model": "auth.permission", "pk": 7, "fields": {"name": "Can delete permission", "content_type": 2, "codename": "delete_permission"}}, {"model": "auth.permission", "pk": 8, "fields": {"name": "Can view permission", "content_type": 2, "codename": "view_permission"}}, {"model": "auth.permission", "pk": 9, "fields": {"name": "Can add group", "content_type": 3, "codename": "add_group"}}, {"model": "auth.permission", "pk": 10, "fields": {"name": "Can change group", "content_type": 3, "codename": "change_group"}}, {"model": "auth.permission", "pk": 11, "fields": {"name": "Can delete group", "content_type": 3, "codename": "delete_group"}}, {"model": "auth.permission", "pk": 12, "fields": {"name": "Can view group", "content_type": 3, "codename": "view_group"}}, {"model": "auth.permission", "pk": 13, "fields": {"name": "Can add user", "content_type": 4, "codename": "add_user"}}, {"model": "auth.permission", "pk": 14, "fields": {"name": "Can change user", "content_type": 4, "codename": "change_user"}}, {"model": "auth.permission", "pk": 15, "fields": {"name": "Can delete user", "content_type": 4, "codename": "delete_user"}}, {"model": "auth.permission", "pk": 16, "fields": {"name": "Can view user", "content_type": 4, "codename": "view_user"}}, {"model": "auth.permission", "pk": 17, "fields": {"name": "Can add content type", "content_type": 5, "codename": "add_contenttype"}}, {"model": "auth.permission", "pk": 18, "fields": {"name": "Can change content type", "content_type": 5, "codename": "change_contenttype"}}, {"model": "auth.permission", "pk": 19, "fields": {"name": "Can delete content type", "content_type": 5, "codename": "delete_contenttype"}}, {"model": "auth.permission", "pk": 20, "fields": {"name": "Can view content type", "content_type": 5, "codename": "view_contenttype"}}, {"model": "auth.permission", "pk": 21, "fields": {"name": "Can add session", "content_type": 6, "codename": "add_session"}}, {"model": "auth.permission", "pk": 22, "fields": {"name": "Can change session", "content_type": 6, "codename": "change_session"}}, {"model": "auth.permission", "pk": 23, "fields": {"name": "Can delete session", "content_type": 6, "codename": "delete_session"}}, {"model": "auth.permission", "pk": 24, "fields": {"name": "Can view session", "content_type": 6, "codename": "view_session"}}, {"model": "auth.permission", "pk": 25, "fields": {"name": "Can add user", "content_type": 7, "codename": "add_user"}}, {"model": "auth.permission", "pk": 26, "fields": {"name": "Can change user", "content_type": 7, "codename": "change_user"}}, {"model": "auth.permission", "pk": 27, "fields": {"name": "Can delete user", "content_type": 7, "codename": "delete_user"}}, {"model": "auth.permission", "pk": 28, "fields": {"name": "Can view user", "content_type": 7, "codename": "view_user"}}, {"model": "auth.permission", "pk": 29, "fields": {"name": "Can add rumour", "content_type": 8, "codename": "add_rumour"}}, {"model": "auth.permission", "pk": 30, "fields": {"name": "Can change rumour", "content_type": 8, "codename": "change_rumour"}}, {"model": "auth.permission", "pk": 31, "fields": {"name": "Can delete rumour", "content_type": 8, "codename": "delete_rumour"}}, {"model": "auth.permission", "pk": 32, "fields": {"name": "Can view rumour", "content_type": 8, "codename": "view_rumour"}}, {"model": "auth.permission", "pk": 33, "fields": {"name": "Can add details", "content_type": 9, "codename": "add_details"}}, {"model": "auth.permission", "pk": 34, "fields": {"name": "Can change details", "content_type": 9, "codename": "change_details"}}, {"model": "auth.permission", "pk": 35, "fields": {"name": "Can delete details", "content_type": 9, "codename": "delete_details"}}, {"model": "auth.permission", "pk": 36, "fields": {"name": "Can view details", "content_type": 9, "codename": "view_details"}}, {"model": "auth.permission", "pk": 37, "fields": {"name": "Can add comment", "content_type": 10, "codename": "add_comment"}}, {"model": "auth.permission", "pk": 38, "fields": {"name": "Can change comment", "content_type": 10, "codename": "change_comment"}}, {"model": "auth.permission", "pk": 39, "fields": {"name": "Can delete comment", "content_type": 10, "codename": "delete_comment"}}, {"model": "auth.permission", "pk": 40, "fields": {"name": "Can view comment", "content_type": 10, "codename": "view_comment"}}, {"model": "auth.permission", "pk": 41, "fields": {"name": "Can add source", "content_type": 11, "codename": "add_source"}}, {"model": "auth.permission", "pk": 42, "fields": {"name": "Can change source", "content_type": 11, "codename": "change_source"}}, {"model": "auth.permission", "pk": 43, "fields": {"name": "Can delete source", "content_type": 11, "codename": "delete_source"}}, {"model": "auth.permission", "pk": 44, "fields": {"name": "Can view source", "content_type": 11, "codename": "view_source"}}, {"model": "auth.permission", "pk": 45, "fields": {"name": "Can add vote", "content_type": 12, "codename": "add_vote"}}, {"model": "auth.permission", "pk": 46, "fields": {"name": "Can change vote", "content_type": 12, "codename": "change_vote"}}, {"model": "auth.permission", "pk": 47, "fields": {"name": "Can delete vote", "content_type": 12, "codename": "delete_vote"}}, {"model": "auth.permission", "pk": 48, "fields": {"name": "Can view vote", "content_type": 12, "codename": "view_vote"}}, {"model": "auth.permission", "pk": 49, "fields": {"name": "Can add action", "content_type": 13, "codename": "add_action"}}, {"model": "auth.permission", "pk": 50, "fields": {"name": "Can change action", "content_type": 13, "codename": "change_action"}}, {"model": "auth.permission", "pk": 51, "fields": {"name": "Can delete action", "content_type": 13, "codename": "delete_action"}}, {"model": "auth.permission", "pk": 52, "fields": {"name": "Can view action", "content_type": 13, "codename": "view_action"}}, {"model": "auth.permission", "pk": 53, "fields": {"name": "Can add comment vote", "content_type": 14, "codename": "add_commentvote"}}, {"model": "auth.permission", "pk": 54, "fields": {"name": "Can change comment vote", "content_type": 14, "codename": "change_commentvote"}}, {"model": "auth.permission", "pk": 55, "fields": {"name": "Can delete comment vote", "content_type": 14, "codename": "delete_commentvote"}}, {"model": "auth.permission", "pk": 56, "fields": {"name": "Can view comment vote", "content_type": 14, "codename": "view_commentvote"}}, {"model": "auth.permission", "pk": 57, "fields": {"name": "Can add updoots", "content_type": 14, "codename": "add_updoots"}}, {"model": "auth.permission", "pk": 58, "fields": {"name": "Can change updoots", "content_type": 14, "codename": "change_updoots"}}, {"model": "auth.permission", "pk": 59, "fields": {"name": "Can delete updoots", "content_type": 14, "codename": "delete_updoots"}}, {"model": "auth.permission", "pk": 60, "fields": {"name": "Can view updoots", "content_type": 14, "codename": "view_updoots"}}, {"model": "auth.user", "pk": 1, "fields": {"password": "pbkdf2_sha256$260000$5AXJSz44MwZZ5GyObX5p7w$yX5RiOuOFny9jxEviksLLBxaoJM/aAdOdpAJBuD6S10=", "last_login": null, "is_superuser": false, "username": "Haddock", "first_name": "Had", "last_name": "Dock", "email": "haddock@covidash.com", "is_staff": false, "is_active": true, "date_joined": "2021-11-13T18:42:41.810", "groups": [], "user_permissions": []}}, {"model": "auth.user", "pk": 8, "fields": {"password": "pbkdf2_sha256$260000$aFndCzbXoYBwckmZ9o9j2q$u9zup4QO4smxHZBgg8VkAcgvbLyRZOYoNFHKqQaov00=", "last_login": null, "is_superuser": false, "username": "Mack", "first_name": "Holy Mackerel", "last_name": "The Third", "email": "mack@covidash.com", "is_staff": false, "is_active": true, "date_joined": "2021-11-18T15:08:17.984", "groups": [], "user_permissions": []}}, {"model": "auth.user", "pk": 9, "fields": {"password": "pbkdf2_sha256$260000$f6ksrh57eD4tUeO0oUeacF$OKB9RNGnAhUTpeqAhyJy7UPwC7j5YdKnN3reA3Xvzfg=", "last_login": null, "is_superuser": false, "username": "Jaws", "first_name": "Jaws", "last_name": "Teeth", "email": "jaws@covidash.com", "is_staff": false, "is_active": true, "date_joined": "2021-11-18T15:08:53.090", "groups": [], "user_permissions": []}}, {"model": "contenttypes.contenttype", "pk": 1, "fields": {"app_label": "admin", "model": "logentry"}}, {"model": "contenttypes.contenttype", "pk": 2, "fields": {"app_label": "auth", "model": "permission"}}, {"model": "contenttypes.contenttype", "pk": 3, "fields": {"app_label": "auth", "model": "group"}}, {"model": "contenttypes.contenttype", "pk": 4, "fields": {"app_label": "auth", "model": "user"}}, {"model": "contenttypes.contenttype", "pk": 5, "fields": {"app_label": "contenttypes", "model": "contenttype"}}, {"model": "contenttypes.contenttype", "pk": 6, "fields": {"app_label": "sessions", "model": "session"}}, {"model": "contenttypes.contenttype", "pk": 7, "fields": {"app_label": "coviDash", "model": "user"}}, {"model": "contenttypes.contenttype", "pk": 8, "fields": {"app_label": "coviDash", "model": "rumour"}}, {"model": "contenttypes.contenttype", "pk": 9, "fields": {"app_label": "users", "model": "details"}}, {"model": "contenttypes.contenttype", "pk": 10, "fields": {"app_label": "coviDash", "model": "comment"}}, {"model": "contenttypes.contenttype", "pk": 11, "fields": {"app_label": "coviDash", "model": "source"}}, {"model": "contenttypes.contenttype", "pk": 12, "fields": {"app_label": "coviDash", "model": "vote"}}, {"model": "contenttypes.contenttype", "pk": 13, "fields": {"app_label": "actions", "model": "action"}}, {"model": "contenttypes.contenttype", "pk": 14, "fields": {"app_label": "coviDash", "model": "updoots"}}, {"model": "coviDash.rumour", "pk": 0, "fields": {"title": "Did an Anti-Vaccine Protester Liken Nurses to Nazi War Criminals?", "img": "https://www.snopes.com/tachyon/2021/09/Copy-of-Rating-Overlay-FEATURED-IMG-46-1.png", "description": "In September 2021, an anti-vaccine protester held a sign that read \"Nurses & doctors who deliver the COVID-19 jab will be held accountable just like Nuremberg.\"", "date": "2021-11-01T04:00:00", "edited": null, "poster": 1, "versourceF": 1, "versourceT": 4, "versource": 5, "validity": "True", "bodyHtml": "<p>In September 2021, internet users enthusiastically shared a photograph that appeared to show an anti-vaccine protester holding a sign that likened healthcare professionals to Nazi war criminals, simply for providing voluntary COVID-19 vaccinations.</p><p>Our own screenshots of the video clearly show the same woman holding the same sign, with different postures and facial expressions — thereby definitively establishing its authenticity.</p>", "citation": "Story sourced from Snopes https://www.snopes.com/fact-check/anti-vaccine-covid-nuremberg-sign"}}, {"model": "coviDash.rumour", "pk": 1, "fields": {"title": "Do COVID-19 Vaccines Make You Infertile?", "img": "https://www.snopes.com/tachyon/2021/09/GettyImages-1267497835.jpg", "description": "Here are the facts behind claims of impotency, placenta issues, and swollen testicles.", "date": "2021-11-01T04:00:00", "edited": null, "poster": 1, "versourceF": 6, "versourceT": 2, "versource": 8, "validity": "False", "bodyHtml": "<p>On Sept. 13, 2021, rapper Nicki Minaj told her roughly 23 million Twitter followers that she knew of someone who supposedly got vaccinated against COVID-19 and then became impotent with swollen testicles.</p><p>That was not true, however. As of this writing, medical institutions — ranging from the Centers for Disease Control and Prevention (CDC) to the American Society for Reproductive Medicine — were aggressively attempting to combat false messages like Minaj’s regarding infertility and vaccinations’ alleged impact on reproductive systems.</p>", "citation": "Story sourced from Snopes https://www.snopes.com/fact-check/covid-vaccine-infertility"}}, {"model": "coviDash.rumour", "pk": 2, "fields": {"title": "Did Biden Say Vaccines Protect Against Hurricanes??", "img": "https://www.snopes.com/tachyon/2021/09/biden-white-house-1.jpg", "description": "Biden: \"If you wind up having to evacuate, if you wind up having to stay in a shelter, you don’t want to add COVID-19 to the list of dangers that you’re going to be confronting.\"", "date": "2021-11-01T04:00:00", "edited": "2021-11-17T20:50:43.183", "poster": 1, "versourceF": 4, "versourceT": 0, "versource": 4, "validity": "False", "bodyHtml": "<p>In September 2021, a video of U.S. President Joe Biden started circulating on social media along with the claim that the commander-in-chief said that the COVID-19 vaccine would protect people against hurricanes. </p><p>Biden did not say that vaccines protect people from hurricanes. This clip comes from a briefing on hurricane preparedness. The president was saying that it is important for people to get vaccinated in the event they have to evacuate their homes and possibly shelter in close quarters with strangers.</p>", "citation": "Story sourced from Snopes https://www.snopes.com/fact-check/covid-vaccine-infertility"}}, {"model": "coviDash.rumour", "pk": 3, "fields": {"title": "I hate to break this to you, but this is not a ‘pandemic of the unvaccinated.’", "img": "https://i.imgur.com/lhBQJR8.png", "description": "A viral image pushes back against data showing that COVID-19 has a bigger impact on people who are not vaccinated than on those who are.", "date": "2021-11-01T04:00:00", "edited": null, "poster": 8, "versourceF": 0, "versourceT": 0, "versource": 0, "validity": "False", "bodyHtml": "<p>A viral image pushes back against data showing that COVID-19 has a bigger impact on people who are not vaccinated than on those who are.</p><p>The claim is made in an image of a tweet that was widely shared on Facebook. The Facebook post was flagged as part of Facebook’s efforts to combat false news and misinformation on its News Feed.</p><p>We found that the alpha, beta, gamma and delta variants were first detected in unvaccinated populations. We also found that, while research has found that vaccinated people who become infected with COVID-19 are able to transmit the virus, studies also show that unvaccinated people are far more likely to contract and spread the delta variant than vaccinated people.</p>", "citation": "Story sourced from Politifact https://www.politifact.com/factchecks/2021/sep/20/viral-image/more-get-vaccinated-spread-and-severity-covid-19-w/"}}, {"model": "coviDash.rumour", "pk": 4, "fields": {"title": "Did a Delta Pilot Die Mid-Flight Due to COVID-19 Vaccination?", "img": "https://www.snopes.com/tachyon/2021/10/delta-flights.jpg", "description": "A Delta plane was forced to make an emergency landing after the pilot died from a COVID-19 vaccination.", "date": "2021-11-01T04:00:00", "edited": null, "poster": 9, "versourceF": 0, "versourceT": 0, "versource": 0, "validity": "False", "bodyHtml": "<p>In October 2021, a rumor started circulating on social media that a Delta pilot died mid-flight from a COVID-19 vaccination, forcing the plane to make an emergency landing. While this claim was widespread, the details were scarce. The name of the alleged pilot was not provided, nor was the date of the incident or the location of the landing. </p><p>There is no evidence to support this claim. </p> <p>We reached out to the Federal Aviation Administration to see if any Delta flights had made emergency landings in recent weeks, and a spokesperson told us that “the FAA has found no evidence such an event occurred.”</p>", "citation": "Story sourced from Snopes https://www.snopes.com/fact-check/delta-pilot-die-covid-19-vaccination/"}}, {"model": "coviDash.rumour", "pk": 5, "fields": {"title": "Do COVID-19 Vaccines Change the Color of Human Blood?", "img": "https://www.snopes.com/tachyon/2021/10/GettyImages-1216386632-scaled.jpg", "description": "COVID-19 vaccines change the color of human blood.", "date": "2021-11-01T04:00:00", "edited": null, "poster": 8, "versourceF": 0, "versourceT": 0, "versource": 0, "validity": "False", "bodyHtml": "<p>In late 2021, some users took to social media to claim that COVID-19 vaccines changed the color of human blood. A number of iterations of the allegation were present on social media and, as fact-checkers at USA Today, The Associated Press, and AFP previously reported, it appears to have originated in a Sept. 17 Instagram post. </p><p>But there is no known instance where a COVID-19 vaccine changed the hue or color of blood. </p> <p>At the time of this writing, the Red Cross said that there is an emergency need for blood and platelets and the Red Cross warns that such misinformation could potentially deter people from donating lifesaving blood to help hospitals and patients in need.</p>", "citation": "Story sourced from Snopes https://www.snopes.com/fact-check/covid-19-vaccines-change-color-blood/"}}, {"model": "coviDash.rumour", "pk": 6, "fields": {"title": "Does Pfizer’s COVID-19 Vaccine Contain Aborted Fetal Cells?", "img": "https://www.snopes.com/tachyon/2021/10/covid-19-vaccine.jpg", "description": "The Pfizer COVID-19 vaccine contains cells from an aborted fetus.", "date": "2021-11-01T04:00:00", "edited": null, "poster": 1, "versourceF": 3, "versourceT": 1, "versource": 4, "validity": "False", "bodyHtml": "<p>In October 2021, a number of social media users started spreading the claim that Pfizer’s COVID-19 vaccine contained aborted fetal cells. </p><p>This claim spawns from a video that was released by Project Veritas, a conservative activist group that has previously been found to use deceptive practices and misleading edits in their videos, on October 6, 2021, that supposedly showed “leaked” emails from Pfizer employees about how they wanted to downplay the role fetal cells played in the development of the vaccine. One of the most popular screenshots reportedly showed an email in which Pfizer employees said that they “tried really hard” not to share information about fetal cells being used during the testing of the COVID-19 vaccine. </p> <p>The COVID-19 vaccine does not contain fetal cells. A fetal cell line, or copies of a primary cell dating back to an abortion or miscarriage in 1973, was used in testing the efficacy of the vaccine.</p>", "citation": "Story sourced from Snopes https://www.snopes.com/fact-check/pfizer-covid-19-vaccine-fetal-cells/"}}, {"model": "coviDash.rumour", "pk": 7, "fields": {"title": "Did Muhammad Ali Encourage Vaccinations?", "img": "https://www.snopes.com/tachyon/2021/10/ali.png", "description": "NBA player Kyrie Irving's refusal to get a COVID-19 vaccination has drawn egregiously flawed comparisons to another famous athlete.", "date": "2021-11-01T04:00:00", "edited": null, "poster": 1, "versourceF": 1, "versourceT": 3, "versource": 4, "validity": "True", "bodyHtml": "<p>In October 2021, the Brooklyn Nets announced that player Kyrie Irving would not be playing for the team this year due to his decision to go against the advice of health officials and a mandate from the state of New York to get vaccinated against COVID-19. When Irving, an NBA player who argued in 2018 that people should do their own research into whether or not the earth was flat, explained his decision in an Instagram video, a few people chimed in, praising his decision and comparing him to late, great boxer, Muhammad Ali. </p><p>As social media users pushed back against this comparison — Irving is forfeiting an NBA paycheck by refusing to get a safe and effective vaccine while Ali faced five years in prison for being a conscientious objector to the Vietnam War — many pointed out that Ali had once encouraged people to get vaccinated. More so, he encouraged people to comply with vaccine mandates. </p> <p>In 1978, Ali filmed a public service announcement with the New York City Department of Health as part of their “No Shots, No School” campaign that encouraged parents to get their children vaccinated against mumps, measles, and polio so that they can go to school. The PSA ends with Ali saying “No shot, no school. It’s the law.”</p>", "citation": "Story sourced from Snopes https://www.snopes.com/fact-check/muhammad-ali-vaccinations/"}}, {"model": "coviDash.rumour", "pk": 30, "fields": {"title": "Ivermectin Does Not Cure Covid", "img": "https://upload.wikimedia.org/wikipedia/commons/thumb/e/e6/IcelandicHorseInWinter.jpg/640px-IcelandicHorseInWinter.jpg", "description": "I heard that this miracle drug does not knock Covid dead in its tracks.", "date": "2021-11-18T15:32:25.035", "edited": "2021-11-18T15:33:20.184", "poster": 8, "versourceF": 0, "versourceT": 0, "versource": 0, "validity": "Mixed", "bodyHtml": "This drug takes the virus, and messes it up bigtime. It takes its lunch money, and gives the virus a wedgie too. I took it and was better in an instant!", "citation": null}}, {"model": "coviDash.comment", "pk": 52, "fields": {"commenter": 8, "rumour": 2, "body": "Egregious example of \"taken out of context\". Check your sources please!", "date": "2021-11-18T15:29:05.402", "edited": null}}, {"model": "coviDash.comment", "pk": 53, "fields": {"commenter": 8, "rumour": 30, "body": "I'm sorry I'm getting alot of issues a couple of days after this is definitely not true!", "date": "2021-11-18T15:33:01.314", "edited": null}}, {"model": "coviDash.comment", "pk": 54, "fields": {"commenter": 9, "rumour": 30, "body": "Please vote this down into oblivion. About a billion sources have disproved this.", "date": "2021-11-18T15:34:26.642", "edited": null}}, {"model": "coviDash.comment", "pk": 56, "fields": {"commenter": 1, "rumour": 0, "body": "What's wrong with people seriously....", "date": "2021-11-18T15:49:42.842", "edited": null}}, {"model": "coviDash.vote", "pk": 70, "fields": {"voter": 9, "rumour": 0, "validity": "1"}}, {"model": "coviDash.vote", "pk": 71, "fields": {"voter": 8, "rumour": 2, "validity": "-1"}}, {"model": "coviDash.vote", "pk": 72, "fields": {"voter": 8, "rumour": 6, "validity": "1"}}, {"model": "coviDash.vote", "pk": 73, "fields": {"voter": 8, "rumour": 30, "validity": "-1"}}, {"model": "coviDash.vote", "pk": 74, "fields": {"voter": 9, "rumour": 30, "validity": "-1"}}, {"model": "coviDash.vote", "pk": 75, "fields": {"voter": 8, "rumour": 1, "validity": "-1"}}, {"model": "coviDash.vote", "pk": 76, "fields": {"voter": 1, "rumour": 6, "validity": "1"}}, {"model": "users.details", "pk": 1, "fields": {"user": 1, "role": "admin", "level": 0, "subscribed": [0, 6]}}, {"model": "users.details", "pk": 8, "fields": {"user": 8, "role": "regular", "level": 2, "subscribed": [1, 2, 6, 30]}}, {"model": "users.details", "pk": 9, "fields": {"user": 9, "role": "developer", "level": 0, "subscribed": [0, 30]}}, {"model": "actions.action", "pk": 155, "fields": {"user": 9, "verb": "RV", "target_ct": 12, "target_id": 70, "date": "2021-11-18T15:27:02.522"}}, {"model": "actions.action", "pk": 156, "fields": {"user": 8, "verb": "RC", "target_ct": 10, "target_id": 52, "date": "2021-11-18T15:29:05.405"}}, {"model": "actions.action", "pk": 157, "fields": {"user": 8, "verb": "RV", "target_ct": 12, "target_id": 71, "date": "2021-11-18T15:29:16.854"}}, {"model": "actions.action", "pk": 158, "fields": {"user": 8, "verb": "RV", "target_ct": 12, "target_id": 72, "date": "2021-11-18T15:30:29.961"}}, {"model": "actions.action", "pk": 159, "fields": {"user": 8, "verb": "AR", "target_ct": 8, "target_id": 30, "date": "2021-11-18T15:32:25.036"}}, {"model": "actions.action", "pk": 160, "fields": {"user": 8, "verb": "RV", "target_ct": 12, "target_id": 73, "date": "2021-11-18T15:32:35.293"}}, {"model": "actions.action", "pk": 161, "fields": {"user": 8, "verb": "RC", "target_ct": 10, "target_id": 53, "date": "2021-11-18T15:33:01.316"}}, {"model": "actions.action", "pk": 162, "fields": {"user": 8, "verb": "RE", "target_ct": 8, "target_id": 30, "date": "2021-11-18T15:33:20.185"}}, {"model": "actions.action", "pk": 163, "fields": {"user": 9, "verb": "RV", "target_ct": 12, "target_id": 74, "date": "2021-11-18T15:34:03.167"}}, {"model": "actions.action", "pk": 164, "fields": {"user": 9, "verb": "RC", "target_ct": 10, "target_id": 54, "date": "2021-11-18T15:34:26.644"}}, {"model": "actions.action", "pk": 165, "fields": {"user": 1, "verb": "DP", "target_ct": null, "target_id": null, "date": "2021-11-18T15:34:36.977"}}, {"model": "actions.action", "pk": 166, "fields": {"user": 8, "verb": "UP", "target_ct": null, "target_id": null, "date": "2021-11-18T15:34:40.177"}}, {"model": "actions.action", "pk": 167, "fields": {"user": 8, "verb": "DP", "target_ct": null, "target_id": null, "date": "2021-11-18T15:34:42.489"}}, {"model": "actions.action", "pk": 168, "fields": {"user": 1, "verb": "UP", "target_ct": null, "target_id": null, "date": "2021-11-18T15:34:43.969"}}, {"model": "actions.action", "pk": 169, "fields": {"user": 8, "verb": "RV", "target_ct": 12, "target_id": 75, "date": "2021-11-18T15:35:27.612"}}, {"model": "actions.action", "pk": 170, "fields": {"user": 8, "verb": "CT", "target_ct": null, "target_id": null, "date": "2021-11-18T15:35:27.622"}}, {"model": "actions.action", "pk": 171, "fields": {"user": 1, "verb": "RV", "target_ct": 12, "target_id": 76, "date": "2021-11-18T15:46:17.294"}}, {"model": "actions.action", "pk": 173, "fields": {"user": 1, "verb": "RC", "target_ct": 10, "target_id": 56, "date": "2021-11-18T15:49:42.844"}}]